{
  "Repository": "standard",
  "Definitions": {
    "Path": ".",
    "Type": "VSTS",
    "BaseUrl":  "https://devdiv.visualstudio.com/DefaultCollection"
  },
  "Pipelines": [
    {
      "Name": "Standard-Trusted-All-Release",
      "Parameters": {
        "TreatWarningsAsErrors": "false"
      },
      "BuildParameters": {
        "ConfigurationGroup": "Release"
      },
      "Definitions": [
        {
          "Name": "dotnet-standard-win",
          "ReportingParameters": {
            "OperatingSystem": "Windows",
            "SubType": "managed",
            "Type": "build/product/standard/",
            "ConfigurationGroup": "Release"
          }
        }
      ]
    }
  ]
}